{
  "train_loss": [
    1.039229825337728,
    0.8126930634180705,
    0.7129695089658101,
    0.680490931669871,
    0.6477094221115113,
    0.6159874471028646,
    0.5955847994486491,
    0.6326186823844909,
    0.6242378409703573,
    0.5769695568084717
  ],
  "train_acc": [
    59.96621621621622,
    80.65878378378379,
    87.83783783783784,
    88.3445945945946,
    90.28716216216216,
    92.22972972972973,
    92.4831081081081,
    90.54054054054053,
    94.5945945945946,
    94.00337837837837
  ],
  "val_loss": [
    0.7213900685310364,
    0.4985143542289734,
    0.4719783365726471,
    0.4761776924133301,
    0.4589235186576843,
    0.41958245635032654,
    0.4310559630393982,
    0.41025814414024353,
    0.39803022146224976,
    0.388918399810791
  ],
  "val_acc": [
    75.0,
    100.0,
    93.75,
    93.75,
    93.75,
    100.0,
    93.75,
    100.0,
    100.0,
    100.0
  ]
}